ltll/New/images/TajMahal/tajwater1024.jpg New TajMahal
ltll/New/images/TajMahal/Taj_Mahal_25.jpg New TajMahal
ltll/New/images/TajMahal/taj-mahal.jpg New TajMahal
ltll/New/images/TajMahal/Taj_Mahal_2012.jpg New TajMahal
ltll/New/images/TajMahal/255.jpg New TajMahal
ltll/New/images/TajMahal/The_Taj_MahalAgra.jpg New TajMahal
ltll/New/images/TajMahal/rsz_63cd7d0d217a4f389aa2220ae4eb34b8.jpg New TajMahal
ltll/New/images/TajMahal/2605.jpg New TajMahal
ltll/New/images/TajMahal/Taj_Mahal_in_March_2004.jpg New TajMahal
ltll/New/images/EiffelTower/paris_eiffel_000091.jpg New EiffelTower
ltll/New/images/EiffelTower/paris_eiffel_000156.jpg New EiffelTower
ltll/New/images/EiffelTower/paris_eiffel_000272.jpg New EiffelTower
ltll/New/images/EiffelTower/paris_eiffel_000128.jpg New EiffelTower
ltll/New/images/EiffelTower/paris_eiffel_000147.jpg New EiffelTower
ltll/New/images/EiffelTower/paris_eiffel_000177.jpg New EiffelTower
ltll/New/images/EiffelTower/paris_eiffel_000285.jpg New EiffelTower
ltll/New/images/EiffelTower/paris_general_000150.jpg New EiffelTower
ltll/New/images/EiffelTower/paris_general_000021.jpg New EiffelTower
ltll/New/images/EiffelTower/paris_eiffel_000217.jpg New EiffelTower
ltll/New/images/EiffelTower/paris_eiffel_000278.jpg New EiffelTower
ltll/New/images/EiffelTower/paris_eiffel_000151.jpg New EiffelTower
ltll/New/images/EiffelTower/paris_general_000071.jpg New EiffelTower
ltll/New/images/GareDeLyonParis/800px-Gare_de_Lyon_xCRW_1315.jpg New GareDeLyonParis
ltll/New/images/GareDeLyonParis/Gare_de_Lyon_clock_tower,_Paris-2007-02-08.jpg New GareDeLyonParis
ltll/New/images/GareDeLyonParis/gare_de_lyon_facade.jpg New GareDeLyonParis
ltll/New/images/GareDeLyonParis/5075784450_750_paris-gare-de-lyon.jpg New GareDeLyonParis
ltll/New/images/GareDeLyonParis/Paris_gare-de-Lyon.jpg New GareDeLyonParis
ltll/New/images/GareDeLyonParis/Gare-de-Lyon-Pictures-1-3.jpg New GareDeLyonParis
ltll/New/images/GareDeLyonParis/219225-the-gare-de-lyon-train-station-with-its-signature-landmark-clock-tower-right-across-from-our-hotel-paris-france.jpg New GareDeLyonParis
ltll/New/images/GareDeLyonParis/Gare_de_Lyon_Paris.jpg New GareDeLyonParis
ltll/New/images/GareDeLyonParis/Gare-de-Lyon.jpg New GareDeLyonParis
ltll/New/images/GareDeLyonParis/Paris_Gare_de_Lyon_01.jpg New GareDeLyonParis
ltll/New/images/GareDeLyonParis/seine-river-paris-hotels.jpg New GareDeLyonParis
ltll/New/images/GareDeLyonParis/cognac-gare-lyon-paris.jpg New GareDeLyonParis
ltll/New/images/GareDeLyonParis/gare.jpg New GareDeLyonParis
ltll/New/images/Q302/33045052.jpg New Q302
ltll/New/images/Q302/schelderode_gp3.jpg New Q302
ltll/New/images/Q302/4.jpg New Q302
ltll/New/images/Q302/Mill123StenenMolenZwevegem.jpg New Q302
ltll/New/images/Q302/5.jpg New Q302
ltll/New/images/Q302/3.jpg New Q302
ltll/New/images/Q302/33045044.jpg New Q302
ltll/New/images/Q302/WEB_1_.jpg New Q302
ltll/New/images/Q302/molen_schelderode.jpg New Q302
ltll/New/images/Q302/WEB_3_.jpg New Q302
ltll/New/images/Q302/21428198.jpg New Q302
ltll/New/images/Q302/1.jpg New Q302
ltll/New/images/Q302/p-033045004.jpg New Q302
ltll/New/images/Q302/21428093.jpg New Q302
ltll/New/images/Q302/2.jpg New Q302
ltll/New/images/Q302/molen002.jpg New Q302
ltll/New/images/Q005/WEB_3_.jpg New Q005
ltll/New/images/Q005/WEB_4_.jpg New Q005
ltll/New/images/Q005/WEB_2_.jpg New Q005
ltll/New/images/Q005/WEB_1_.jpg New Q005
ltll/New/images/Q005/WEB_5_.jpg New Q005
ltll/New/images/Q003/WEB_3_.jpg New Q003
ltll/New/images/Q003/WEB_1_.jpg New Q003
ltll/New/images/Q003/WEB_2_.jpg New Q003
ltll/New/images/Q003/WEB_4_.jpg New Q003
ltll/New/images/Q221/St2.jpg New Q221
ltll/New/images/Q221/2.jpg New Q221
ltll/New/images/Q221/1.jpg New Q221
ltll/New/images/Q221/St5.jpg New Q221
ltll/New/images/Q221/St1.jpg New Q221
ltll/New/images/Q221/St4.jpg New Q221
ltll/New/images/Q221/3.jpg New Q221
ltll/New/images/Q221/St3.jpg New Q221
ltll/New/images/Arcdetriomphe/paris_triomphe_001081.jpg New Arcdetriomphe
ltll/New/images/Arcdetriomphe/paris_triomphe_001099.jpg New Arcdetriomphe
ltll/New/images/Arcdetriomphe/paris_triomphe_000891.jpg New Arcdetriomphe
ltll/New/images/Arcdetriomphe/paris_triomphe_001072.jpg New Arcdetriomphe
ltll/New/images/Arcdetriomphe/paris_triomphe_000841.jpg New Arcdetriomphe
ltll/New/images/Arcdetriomphe/paris_defense_000043.jpg New Arcdetriomphe
ltll/New/images/Arcdetriomphe/paris_triomphe_001036.jpg New Arcdetriomphe
ltll/New/images/Arcdetriomphe/paris_triomphe_000889.jpg New Arcdetriomphe
ltll/New/images/Arcdetriomphe/paris_triomphe_001086.jpg New Arcdetriomphe
ltll/New/images/Arcdetriomphe/paris_triomphe_001083.jpg New Arcdetriomphe
ltll/New/images/Arcdetriomphe/paris_triomphe_000945.jpg New Arcdetriomphe
ltll/New/images/Arcdetriomphe/paris_defense_000034.jpg New Arcdetriomphe
ltll/New/images/Arcdetriomphe/paris_triomphe_000964.jpg New Arcdetriomphe
ltll/New/images/Arcdetriomphe/paris_defense_000038.jpg New Arcdetriomphe
ltll/New/images/Arcdetriomphe/paris_triomphe_000855.jpg New Arcdetriomphe
ltll/New/images/Arcdetriomphe/paris_triomphe_000875.jpg New Arcdetriomphe
ltll/New/images/Arcdetriomphe/paris_defense_000040.jpg New Arcdetriomphe
ltll/New/images/Arcdetriomphe/paris_triomphe_000835.jpg New Arcdetriomphe
ltll/New/images/Q_000/4728131734_c66a739529.jpg New Q_000
ltll/New/images/Q_000/4703688890_5259fccb0c_o.jpg New Q_000
ltll/New/images/Q_000/4703158501_f26fd432c8.jpg New Q_000
ltll/New/images/Q_000/4703708650_6fe1a6765a_o.jpg New Q_000
ltll/New/images/Q_000/4708285717_93ed5df0f7_o.jpg New Q_000
ltll/New/images/Q_000/4703114211_780345071e_o.jpg New Q_000
ltll/New/images/Q_000/4728139388_560f9f1ce4.jpg New Q_000
ltll/New/images/Q_000/4724808072_1f310c6e6f.jpg New Q_000
ltll/New/images/Q_000/4337446596_2220328107_b.jpg New Q_000
ltll/New/images/Q_000/3235442776_77c173ef20.jpg New Q_000
ltll/New/images/Q_000/4708277821_71435c5a6b_o.jpg New Q_000
ltll/New/images/Q_000/4728054326_cb1a06dfe5.jpg New Q_000
ltll/New/images/Q_000/4724764920_643a8f07d4.jpg New Q_000
ltll/New/images/Q_000/4724795348_01bd04aa92.jpg New Q_000
ltll/New/images/Q_000/4728156232_788da80669.jpg New Q_000
ltll/New/images/Q_000/4336700635_748d32d84f.jpg New Q_000
ltll/New/images/Q_000/4703180313_a31c13ee0e_o.jpg New Q_000
ltll/New/images/Q_000/4336697681_67fd59ce46_b.jpg New Q_000
ltll/New/images/Q_000/4703136967_3710b021a1_o.jpg New Q_000
ltll/New/images/Q_000/467431636_148631e4ce.jpg New Q_000
ltll/New/images/Q_000/4728106906_500d4fce25.jpg New Q_000
ltll/New/images/Q_000/4336699205_fd8ac77359_b.jpg New Q_000
ltll/New/images/Q001/5.jpg New Q001
ltll/New/images/Q001/3.jpg New Q001
ltll/New/images/Q001/2.jpg New Q001
ltll/New/images/Q001/8.jpg New Q001
ltll/New/images/Q001/9.jpg New Q001
ltll/New/images/Q001/6.jpg New Q001
ltll/New/images/Q001/1.jpg New Q001
ltll/New/images/Q001/4.jpg New Q001
ltll/New/images/Q016/Web_3.jpg New Q016
ltll/New/images/Q016/WEB_1_.jpg New Q016
ltll/New/images/Q016/WEB_2_.jpg New Q016
ltll/New/images/Q016/Web_4.jpg New Q016
ltll/New/images/Q016/160259.jpg New Q016
ltll/New/images/Q016/Web_6.jpg New Q016
ltll/New/images/Q140/Q_140_1.jpg New Q140
ltll/New/images/Q140/MMB.FO2007.0408.jpg New Q140
ltll/New/images/Q140/MMB.FO2007.0410.jpg New Q140
ltll/New/images/Q140/Q_140_2.jpg New Q140
ltll/New/images/Q147/33564364.jpg New Q147
ltll/New/images/Q147/50210149.jpg New Q147
ltll/New/images/Q147/62158085.jpg New Q147
ltll/New/images/Q147/50210340.jpg New Q147
ltll/New/images/Q147/4.jpg New Q147
ltll/New/images/Q147/2.jpg New Q147
ltll/New/images/Q147/WEB_2_.jpg New Q147
ltll/New/images/Q147/9820_Martinus_1.jpg New Q147
ltll/New/images/Q147/43903170.jpg New Q147
ltll/New/images/Q147/Schelderode_-_Merelbeke_-_Sint-Martinus_kerk.jpg New Q147
ltll/New/images/Q147/5.jpg New Q147
ltll/New/images/Q147/00586_9820_schelderode_st_martinus2.jpg New Q147
ltll/New/images/Q147/3.jpg New Q147
ltll/New/images/Q147/00586_9820_schelderode_st_martinus3.jpg New Q147
ltll/New/images/Q147/00586_9820_schelderode_st_martinus1.jpg New Q147
ltll/New/images/Q147/1.jpg New Q147
ltll/New/images/Q147/0005137ab.jpg New Q147
ltll/New/images/Q147/Schelderode_kerk.jpg New Q147
ltll/New/images/Q147/WEB_3_.jpg New Q147
ltll/New/images/Q147/27911445.jpg New Q147
ltll/New/images/Q147/33044885.jpg New Q147
ltll/New/images/Notredame/notredam_12.jpg New Notredame
ltll/New/images/Notredame/notredam_4.jpg New Notredame
ltll/New/images/Notredame/notredam_15.jpg New Notredame
ltll/New/images/Notredame/notredam_13.jpg New Notredame
ltll/New/images/Notredame/notredam_17.jpg New Notredame
ltll/New/images/Notredame/notredam_1.jpg New Notredame
ltll/New/images/Notredame/notredam_10.jpg New Notredame
ltll/New/images/Notredame/notredam_5.jpg New Notredame
ltll/New/images/Notredame/notredam_2.jpg New Notredame
ltll/New/images/Notredame/notredam_8.jpg New Notredame
ltll/New/images/Notredame/notredam_16.jpg New Notredame
ltll/New/images/Notredame/notredam_11.jpg New Notredame
ltll/New/images/Notredame/notredam_7.jpg New Notredame
ltll/New/images/Notredame/notredam_3.jpg New Notredame
ltll/New/images/Notredame/notredam_6.jpg New Notredame
ltll/New/images/Notredame/notredam_9.jpg New Notredame
ltll/New/images/Notredame/notredam_14.jpg New Notredame
ltll/New/images/Q141/WEB_1_.jpg New Q141
ltll/New/images/Q141/36853682.jpg New Q141
ltll/New/images/Q141/01643-9820-melsen-sint-stefanus-kerk-01.jpg New Q141
ltll/New/images/Q141/Melsen_kerk.jpg New Q141
ltll/New/images/Q141/Melsen_(Merelbeke)_-_Kerk_en_Pastorie.jpg New Q141
ltll/New/images/Q141/WEB_3_.jpg New Q141
ltll/New/images/Q141/01643-9820-melsen-sint-stefanus-kerk-02.jpg New Q141
ltll/New/images/Q141/WEB_2_.jpg New Q141
ltll/New/images/Q141/01643-9820-melsen-sint-stefanus-kerk-03.jpg New Q141
ltll/New/images/Q141/01643-9820-melsen-sint-stefanus-kerk-05.jpg New Q141
ltll/New/images/Q141/01643-9820-melsen-sint-stefanus-kerk-04.jpg New Q141
ltll/New/images/Q141/WEB_4_.jpg New Q141
ltll/New/images/SacreCoeur/Sacre_Coeur_Paris_9.jpg New SacreCoeur
ltll/New/images/SacreCoeur/Sacre_Coeur_Paris_3.jpg New SacreCoeur
ltll/New/images/SacreCoeur/Sacre_Coeur_Paris_2.jpg New SacreCoeur
ltll/New/images/SacreCoeur/Sacre_Coeur_Paris_1.jpg New SacreCoeur
ltll/New/images/SacreCoeur/Sacre_Coeur_Paris_7.jpg New SacreCoeur
ltll/New/images/SacreCoeur/Sacre_Coeur_Paris_4.jpg New SacreCoeur
ltll/New/images/SacreCoeur/Sacre_Coeur_Paris_11.jpg New SacreCoeur
ltll/New/images/SacreCoeur/Sacre_Coeur_Paris_5.jpg New SacreCoeur
ltll/New/images/SacreCoeur/Sacre_Coeur_Paris_6.jpg New SacreCoeur
ltll/New/images/SacreCoeur/Sacre_Coeur_Paris_8.jpg New SacreCoeur
ltll/New/images/SacreCoeur/Sacre_Coeur_Paris_13.jpg New SacreCoeur
ltll/New/images/SacreCoeur/Sacre_Coeur_Paris_10.jpg New SacreCoeur
ltll/New/images/SacreCoeur/Sacre_Coeur_Paris_12.jpg New SacreCoeur
ltll/New/images/Q_999/3826465-Town_hall_Leuven.jpg New Q_999
ltll/New/images/Q_999/stadhuis.jpg New Q_999
ltll/New/images/Q_999/Leuven_town_hall.JPG New Q_999
ltll/New/images/Q_999/8.JPG New Q_999
ltll/New/images/Q_999/5.jpg New Q_999
ltll/New/images/Q_999/7.jpg New Q_999
ltll/New/images/Q_999/leuvenstadh.jpg New Q_999
ltll/New/images/Q_999/ThuisLeuvenTownHall.jpg New Q_999
ltll/New/images/Q_999/3.jpg New Q_999
ltll/New/images/Q_999/irla_lux_2_250-250x333.jpg New Q_999
ltll/New/images/Q_999/2.jpg New Q_999
ltll/New/images/Q_999/4.jpg New Q_999
ltll/New/images/Q_999/Leuven.jpg New Q_999
ltll/New/images/Q_999/6.jpg New Q_999
ltll/New/images/Q198/WEB_1_.jpg New Q198
ltll/New/images/Q198/WEB_4_.jpg New Q198
ltll/New/images/Q198/WEB_3_.jpg New Q198
ltll/New/images/Q198/MMB.FO2008.0236.jpg New Q198
ltll/New/images/Q198/WEB_2_.jpg New Q198
ltll/New/images/GalleFaceHotel/main_copy49.jpg New GalleFaceHotel
ltll/New/images/GalleFaceHotel/galleface-large.jpg New GalleFaceHotel
ltll/New/images/GalleFaceHotel/sri-lanka-accommodation-h60.jpg New GalleFaceHotel
ltll/New/images/GalleFaceHotel/51.jpg New GalleFaceHotel
ltll/New/images/GalleFaceHotel/GALLE-FACE-HOTEL.jpg New GalleFaceHotel
ltll/New/images/GalleFaceHotel/Galle_Face_Hotel_01.jpg New GalleFaceHotel
ltll/New/images/GalleFaceHotel/681x454.jpg New GalleFaceHotel
ltll/New/images/Gaffor/Sir_Baron_.jpg.JPEG New Gaffor
ltll/New/images/Gaffor/CMB_01.jpg New Gaffor
ltll/New/images/Gaffor/76352789.jpg New Gaffor
ltll/New/images/Gaffor/47874599.jpg New Gaffor
ltll/New/images/Gaffor/63911732.jpg New Gaffor
ltll/New/images/Gaffor/spotlight-13.jpg New Gaffor
ltll/New/images/Pettah/002.jpg New Pettah
ltll/New/images/Pettah/005.jpg New Pettah
ltll/New/images/Pettah/003.jpg New Pettah
ltll/New/images/Pettah/007.jpg New Pettah
ltll/New/images/Pettah/001.jpg New Pettah
ltll/New/images/Pettah/004.jpg New Pettah
ltll/New/images/Pettah/006.jpg New Pettah
ltll/New/images/BigBen/33221.jpg New BigBen
ltll/New/images/BigBen/13547606-westminster-bridge-with-big-ben-in-london.jpg New BigBen
ltll/New/images/BigBen/478.jpg New BigBen
ltll/New/images/BigBen/Big_ben_closeup.jpg New BigBen
ltll/New/images/BigBen/12445.jpg New BigBen
ltll/New/images/BigBen/article-1327665-0BF6BBA7000005DC-637_468x459.jpg New BigBen
ltll/New/images/BigBen/big_ben.jpg New BigBen
ltll/New/images/BigBen/3225.jpg New BigBen
ltll/New/images/BigBen/big_ben_watched.jpg New BigBen
ltll/New/images/BigBen/big-be2n.jpg New BigBen
ltll/New/images/BigBen/122.jpg New BigBen
ltll/New/images/BigBen/depositphotos_3532891-Big-Ben-London.jpg New BigBen
ltll/New/images/BigBen/Clock_Tower_-_Palace_of_Westminster,_London_-_May_2007.jpg New BigBen
ltll/New/images/BigBen/Big-Ben.jpg New BigBen
ltll/New/images/BigBen/Clock_Tower_-_Palace_of_Westminster,_London_-_September_2006-2.jpg New BigBen
ltll/New/images/BigBen/1856.jpg New BigBen
ltll/New/images/BigBen/P11Pub-BigBen05.jpg New BigBen
ltll/New/images/BigBen/10067683-london--june-1-big-ben-in-early-morning-on-the-river-thames-in-london-on-june-1-2011-the-bell-in-big.jpg New BigBen
ltll/New/images/BigBen/148.jpg New BigBen
ltll/New/images/Q024/GOOGLE_ST_VW_5.jpg New Q024
ltll/New/images/Q024/GOOGLE_ST_VW_2.jpg New Q024
ltll/New/images/Q024/GOOGLE_ST_VW_1.jpg New Q024
ltll/New/images/Q024/GOOGLE_ST_VW_4.jpg New Q024
ltll/New/images/Q024/GOOGLE_ST_VW_3.jpg New Q024
ltll/New/images/TempleTooth/012.jpg New TempleTooth
ltll/New/images/TempleTooth/003.jpg New TempleTooth
ltll/New/images/TempleTooth/008.jpg New TempleTooth
ltll/New/images/TempleTooth/005.jpg New TempleTooth
ltll/New/images/TempleTooth/002.jpg New TempleTooth
ltll/New/images/TempleTooth/010.jpg New TempleTooth
ltll/New/images/TempleTooth/001.jpg New TempleTooth
ltll/New/images/TempleTooth/0011.jpg New TempleTooth
ltll/New/images/TempleTooth/004.jpg New TempleTooth
ltll/New/images/TempleTooth/006.jpg New TempleTooth
ltll/New/images/TempleTooth/007.jpg New TempleTooth
ltll/New/images/TempleTooth/009.jpg New TempleTooth
ltll/New/images/Q138/0005081ad.jpg New Q138
ltll/New/images/Q138/01641-9820-bottelare-sint-anna-kerk-08.jpg New Q138
ltll/New/images/Q138/0005081ac.jpg New Q138
ltll/New/images/Q138/4044415256_1a6dda3ab2.jpg New Q138
ltll/New/images/Q138/0005081ab.jpg New Q138
ltll/New/images/Q138/20237.jpg New Q138
ltll/New/images/Q138/01641-9820-bottelare-sint-anna-kerk-02.jpg New Q138
ltll/New/images/Q138/WEB_2_.jpg New Q138
ltll/New/images/Q138/WEB_1_.jpg New Q138
ltll/New/images/Q138/01641-9820-bottelare-sint-anna-kerk-04.jpg New Q138
ltll/New/images/Q138/01641-9820-bottelare-sint-anna-kerk-07.jpg New Q138
ltll/New/images/Q138/450px-Bottelare_-_Sint-Annakerk_1.jpg New Q138
ltll/New/images/Q138/450px-Bottelare_-_Sint-Annakerk_2.jpg New Q138
ltll/New/images/Q138/0005081aa.jpg New Q138
ltll/New/images/Q138/01641-9820-bottelare-sint-anna-kerk-01.jpg New Q138
ltll/Old/images/Q003/MMB.FO2008.0618.jpg Old Q003
ltll/Old/images/Q003/MMB.FO2008.0568.jpg Old Q003
ltll/Old/images/Arcdetriomphe/parispostcardsarc-graphicsfairy003a.jpg Old Arcdetriomphe
ltll/Old/images/Arcdetriomphe/3263534877_bc7b4d4f14.jpg Old Arcdetriomphe
ltll/Old/images/Arcdetriomphe/9297650123_9da5141f91_n.jpg Old Arcdetriomphe
ltll/Old/images/Arcdetriomphe/Arc_de_triomphe.jpg Old Arcdetriomphe
ltll/Old/images/Arcdetriomphe/8528347901_1cec18c298_n.jpg Old Arcdetriomphe
ltll/Old/images/Arcdetriomphe/arc_de_triomphe_paris_france_vintage_postcards-r7e4a192576c740cf9d8fa3dc596b1834_vgbaq_8byvr_512.jpg Old Arcdetriomphe
ltll/Old/images/Arcdetriomphe/vintage_arc_de_triomphe_france_postcard-r505c0bbeb4de4157a6ab3e0c056eff49_vgbaq_8byvr_324.jpg Old Arcdetriomphe
ltll/Old/images/Arcdetriomphe/old_postcard_paris_arc_de_triomphe-rcb9188f5b9b040fe9bc25c0e4ec7d779_vgbaq_8byvr_324.jpg Old Arcdetriomphe
ltll/Old/images/Arcdetriomphe/8529458674_b9ff2c34ec_n.jpg Old Arcdetriomphe
ltll/Old/images/Arcdetriomphe/images.jpg Old Arcdetriomphe
ltll/Old/images/TempleTooth/002.jpg Old TempleTooth
ltll/Old/images/TempleTooth/001.jpg Old TempleTooth
ltll/Old/images/TempleTooth/003.jpg Old TempleTooth
ltll/Old/images/TempleTooth/005.jpg Old TempleTooth
ltll/Old/images/TajMahal/007.jpg Old TajMahal
ltll/Old/images/TajMahal/004.jpg Old TajMahal
ltll/Old/images/TajMahal/005.jpg Old TajMahal
ltll/Old/images/TajMahal/002.jpg Old TajMahal
ltll/Old/images/TajMahal/003.jpg Old TajMahal
ltll/Old/images/TajMahal/001.jpg Old TajMahal
ltll/Old/images/TajMahal/006.jpg Old TajMahal
ltll/Old/images/Q001/MMB.FO2008.0819.jpg Old Q001
ltll/Old/images/Q001/MMB.FO2006.1420.jpg Old Q001
ltll/Old/images/Q001/MMB.FO2006.1231.jpg Old Q001
ltll/Old/images/Q001/MMB.FO2006.1011.jpg Old Q001
ltll/Old/images/Q001/MMB.FO2007.0282.jpg Old Q001
ltll/Old/images/Q001/MMB.FO2006.1242.jpg Old Q001
ltll/Old/images/Q001/MMB.FO2006.1012.jpg Old Q001
ltll/Old/images/Q001/MMB.FO2006.1245.jpg Old Q001
ltll/Old/images/Q001/MMB.FO2007.0719.jpg Old Q001
ltll/Old/images/Q001/MMB.FO2007.0281.jpg Old Q001
ltll/Old/images/Q001/MMB.FO2010.0064.jpg Old Q001
ltll/Old/images/Q141/MMB.FO2009.0063.jpg Old Q141
ltll/Old/images/Q141/MMB.FO2009.0332.jpg Old Q141
ltll/Old/images/Q141/MMB.FO2006.0927.jpg Old Q141
ltll/Old/images/Q141/MMB.FO2006.0926.jpg Old Q141
ltll/Old/images/Q141/MMB.FO2009.0271.jpg Old Q141
ltll/Old/images/Q141/MMB.FO2009.0100.jpg Old Q141
ltll/Old/images/Q_000/385120163_cb8993b822_z.jpg Old Q_000
ltll/Old/images/Q_000/385119710_d44ede1b6f_z.jpg Old Q_000
ltll/Old/images/Q_000/4724744386_ab49dd72d7.jpg Old Q_000
ltll/Old/images/Q_000/4365459273_da8f10c4f3.jpg Old Q_000
ltll/Old/images/Q_000/2314773176_c462b8696e.jpg Old Q_000
ltll/Old/images/Q_000/385119438_3b0730052c_z.jpg Old Q_000
ltll/Old/images/Q_000/385119805_b8773e3714_z.jpg Old Q_000
ltll/Old/images/Q_000/385120414_57bea48ab6_z.jpg Old Q_000
ltll/Old/images/Q_000/5919749213_2375bcf0aa.jpg Old Q_000
ltll/Old/images/Q_000/4728079496_f70fc5af8d.jpg Old Q_000
ltll/Old/images/Q_000/3801987962_e396a3eb61_b.jpg Old Q_000
ltll/Old/images/Q_000/4204432524_63889c216b.jpg Old Q_000
ltll/Old/images/GareDeLyonParis/Old_Photos_of_Paris-Gare_de_Lyon,_1900s_(1).jpeg Old GareDeLyonParis
ltll/Old/images/GareDeLyonParis/Old_Photos_of_Paris-Gare_de_Lyon,_1900s_(7).jpeg Old GareDeLyonParis
ltll/Old/images/GareDeLyonParis/Old_Photos_of_Paris-Gare_de_Lyon,_1900s_(8).jpeg Old GareDeLyonParis
ltll/Old/images/GareDeLyonParis/Old_Photos_of_Paris-Gare_de_Lyon,_1900s_(13).jpeg Old GareDeLyonParis
ltll/Old/images/GareDeLyonParis/Old_Photos_of_Paris-Gare_de_Lyon,_1900s_(11).jpg Old GareDeLyonParis
ltll/Old/images/GareDeLyonParis/Old_Photos_of_Paris-Gare_de_Lyon,_1900s_(9).jpeg Old GareDeLyonParis
ltll/Old/images/Q302/117_001.jpg Old Q302
ltll/Old/images/Q302/789_001.jpg Old Q302
ltll/Old/images/Q302/MMB.FO2007.0742.jpg Old Q302
ltll/Old/images/Q302/MMB.FO2007.0732.jpg Old Q302
ltll/Old/images/Q302/schelderode_rvr1.jpg Old Q302
ltll/Old/images/Q302/MMB.FO2007.0236.jpg Old Q302
ltll/Old/images/Q302/MMB.FO2007.0152.jpg Old Q302
ltll/Old/images/Q302/MMB.FO2007.0139.jpg Old Q302
ltll/Old/images/Q302/p-072084301.jpg Old Q302
ltll/Old/images/Q138/MMB.FO2008.0573.jpg Old Q138
ltll/Old/images/Q138/MMB.FO2008.0252.jpg Old Q138
ltll/Old/images/Q138/MMB.FO2006.0912.jpg Old Q138
ltll/Old/images/Q138/MMB.FO2008.0247.jpg Old Q138
ltll/Old/images/Q138/MMB.FO2008.0241.jpg Old Q138
ltll/Old/images/Q138/MMB.FO2006.0919.jpg Old Q138
ltll/Old/images/Q138/MMB.FO2006.1384.jpg Old Q138
ltll/Old/images/Q138/MMB.FO2008.0245.jpg Old Q138
ltll/Old/images/Q138/MMB.FO2008.0262.jpg Old Q138
ltll/Old/images/Q138/MMB.FO2008.0309.jpg Old Q138
ltll/Old/images/Q138/MMB.FO2008.0313.jpg Old Q138
ltll/Old/images/Q138/MMB.FO2008.0334.jpg Old Q138
ltll/Old/images/Q138/MMB.FO2008.0555.jpg Old Q138
ltll/Old/images/Q138/MMB.FO2008.0554.jpg Old Q138
ltll/Old/images/Q138/MMB.FO2006.1034.jpg Old Q138
ltll/Old/images/Q138/MMB.FO2008.0243.jpg Old Q138
ltll/Old/images/Q138/MMB.FO2008.0246.jpg Old Q138
ltll/Old/images/Q138/MMB.FO2008.0305.jpg Old Q138
ltll/Old/images/Q138/MMB.FO2008.0244.jpg Old Q138
ltll/Old/images/Q138/MMB.FO2008.0339.jpg Old Q138
ltll/Old/images/Q138/MMB.FO2008.0553.jpg Old Q138
ltll/Old/images/Q140/MMB.FO2006.0009.jpg Old Q140
ltll/Old/images/Q140/MMB.FO2010.0084.jpg Old Q140
ltll/Old/images/Q140/MMB.FO2006.0224.jpg Old Q140
ltll/Old/images/Q140/MMB.FO2006.0245.jpg Old Q140
ltll/Old/images/Q140/MMB.FO2010.0073.jpg Old Q140
ltll/Old/images/Q140/MMB.FO2010.0079.jpg Old Q140
ltll/Old/images/Q140/MMB.FO2006.0225.jpg Old Q140
ltll/Old/images/Q140/MMB.FO2009.0529.jpg Old Q140
ltll/Old/images/Q140/MMB.FO2006.0327.jpg Old Q140
ltll/Old/images/Q140/MMB.FO2006.0326.jpg Old Q140
ltll/Old/images/Q140/MMB.FO2007.0308.jpg Old Q140
ltll/Old/images/Q140/MMB.FO2007.0312.jpg Old Q140
ltll/Old/images/Q140/MMB.FO2007.0311.jpg Old Q140
ltll/Old/images/Q140/MMB.FO2006.0300.jpg Old Q140
ltll/Old/images/Q221/MMB.FO2007.0743.jpg Old Q221
ltll/Old/images/Q221/MMB.FO2006.0320.jpg Old Q221
ltll/Old/images/Q221/MMB.FO2006.1441.jpg Old Q221
ltll/Old/images/Q221/MMB.FO2006.0157.jpg Old Q221
ltll/Old/images/Q221/MMB.FO2010.0107.jpg Old Q221
ltll/Old/images/Q221/MMB.FO2008.0354.jpg Old Q221
ltll/Old/images/Q221/MMB.FO2006.0103.jpg Old Q221
ltll/Old/images/Q221/MMB.FO2010.0078.jpg Old Q221
ltll/Old/images/Q221/MMB.FO2006.0305.jpg Old Q221
ltll/Old/images/Q221/MMB.FO2006.0007.jpg Old Q221
ltll/Old/images/Q221/MMB.FO2006.0012.jpg Old Q221
ltll/Old/images/Q221/MMB.FO2007.0273.jpg Old Q221
ltll/Old/images/Q221/MMB.FO2007.0272.jpg Old Q221
ltll/Old/images/Q221/MMB.FO2006.0264.jpg Old Q221
ltll/Old/images/Q221/MMB.FO2006.0312.jpg Old Q221
ltll/Old/images/Q221/MMB.FO2009.0533.jpg Old Q221
ltll/Old/images/Q221/MMB.FO2006.0319.jpg Old Q221
ltll/Old/images/Q221/MMB.FO2007.0274.jpg Old Q221
ltll/Old/images/Q221/MMB.FO2008.0001.jpg Old Q221
ltll/Old/images/Q221/MMB.FO2006.0014.jpg Old Q221
ltll/Old/images/Q221/MMB.FO2006.1440.jpg Old Q221
ltll/Old/images/Q221/MMB.FO2007.0665.jpg Old Q221
ltll/Old/images/EiffelTower/old_postcard_paris_tour_eiffel-r5c8cc1ab08484d32b11e387e9bbfb540_vgbaq_8byvr_512.jpg Old EiffelTower
ltll/Old/images/EiffelTower/il_570xN.435687063_hkd5.jpg Old EiffelTower
ltll/Old/images/EiffelTower/img-thing.jpg Old EiffelTower
ltll/Old/images/EiffelTower/1a-eiffelpostcard-graphicsfairy011.jpg Old EiffelTower
ltll/Old/images/EiffelTower/vintage_eiffel_tower_postcards_package_of_8.jpg Old EiffelTower
ltll/Old/images/EiffelTower/1a-eiffelpostcard-graphicsfairy011b.jpg Old EiffelTower
ltll/Old/images/EiffelTower/vintage_french_chic_eiffel_tower_paris_postcard-rc28442e6b2f146f39f5139b35ec47700_vgbaq_8byvr_512.jpg Old EiffelTower
ltll/Old/images/EiffelTower/eiffel+photo+vintage+image--graphicsfairy015.jpg Old EiffelTower
ltll/Old/images/EiffelTower/2.jpg Old EiffelTower
ltll/Old/images/EiffelTower/ef1.jpg Old EiffelTower
ltll/Old/images/Q198/MMB.FO2008.0607.jpg Old Q198
ltll/Old/images/Q198/MMB.FO2008.0329.jpg Old Q198
ltll/Old/images/Q198/MMB.FO2008.0606.jpg Old Q198
ltll/Old/images/Q198/MMB.FO2008.0315.jpg Old Q198
ltll/Old/images/Q_999/538034334_900e98fc68_o.jpg Old Q_999
ltll/Old/images/Q_999/tumblr_lvq5gobqZm1qb0bzxo1_400.jpg Old Q_999
ltll/Old/images/Q_999/IMG_1447.jpg Old Q_999
ltll/Old/images/Q_999/leuven-stadhuis_zwartwit.jpg Old Q_999
ltll/Old/images/Q_999/1525Louven.jpg Old Q_999
ltll/Old/images/Q024/MMB.FO2007.0660.jpg Old Q024
ltll/Old/images/Q024/MMB.FO2006.1133.jpg Old Q024
ltll/Old/images/Q024/MMB.FO2006.0284.jpg Old Q024
ltll/Old/images/Q024/MMB.FO2006.0285.jpg Old Q024
ltll/Old/images/Q024/MMB.FO2006.0673.jpg Old Q024
ltll/Old/images/GalleFaceHotel/Galle-face-hotel-colombo.jpg Old GalleFaceHotel
ltll/Old/images/GalleFaceHotel/Gallface-hotel-by-apothecaries.jpg Old GalleFaceHotel
ltll/Old/images/GalleFaceHotel/1910-galle-face-hotel-colombo-434x279.jpg Old GalleFaceHotel
ltll/Old/images/GalleFaceHotel/2268643019_a341660490.jpg Old GalleFaceHotel
ltll/Old/images/GalleFaceHotel/untitled.jpg Old GalleFaceHotel
ltll/Old/images/GalleFaceHotel/galle-face-hotel-colombo.jpg Old GalleFaceHotel
ltll/Old/images/Notredame/arton461-9a997.jpg Old Notredame
ltll/Old/images/Notredame/old_notre_dame.jpg Old Notredame
ltll/Old/images/Notredame/notre_dame_et_le_pont_paris_france_vintage_postcard-r139f487e509e4679bcb7bd71e5042958_vgbaq_8byvr_324.jpg Old Notredame
ltll/Old/images/Notredame/france-paris-notre-dame-west-front-old-print-1882-110837-p.jpg Old Notredame
ltll/Old/images/Notredame/Notre-Dame-Cathedral-old-500x432.jpg Old Notredame
ltll/Old/images/Notredame/u2fr0.jpg Old Notredame
ltll/Old/images/Notredame/old_postcard_paris_notre_dame-r51b6ec115a14436ba02ef8c2d276d1d1_vgbaq_8byvr_512.jpg Old Notredame
ltll/Old/images/Notredame/12754706-vintage-postcard-of-paris-with-notre-dame.jpg Old Notredame
ltll/Old/images/SacreCoeur/il_570xN.295555082.jpg Old SacreCoeur
ltll/Old/images/SacreCoeur/il_570xN.230604421.jpg Old SacreCoeur
ltll/Old/images/SacreCoeur/il_340x270.234725560.jpg Old SacreCoeur
ltll/Old/images/SacreCoeur/Funiculaire_de_Montmartre_et_le_Sacre-Coeur.jpg Old SacreCoeur
ltll/Old/images/SacreCoeur/AAAAC9CHCC0AAAAAAEn1ZA.jpg Old SacreCoeur
ltll/Old/images/SacreCoeur/product_5239.jpg Old SacreCoeur
ltll/Old/images/SacreCoeur/Old_Photo_Sacre_Coeur.jpg Old SacreCoeur
ltll/Old/images/SacreCoeur/$(KGrHqV,!o8E-)PfOQ27BPt7JH!Iig~~60_35.jpg Old SacreCoeur
ltll/Old/images/SacreCoeur/old_postcard_paris_sacre_coeur-r19361a31fcf3458f944aee53874fe00c_vgbaq_8byvr_512.jpg Old SacreCoeur
ltll/Old/images/SacreCoeur/sacre.jpg Old SacreCoeur
ltll/Old/images/SacreCoeur/vintage_paris_montmatre_sacre_coeur_postcard-rdb7f5d862e314c53a81f8a42c5ffd72e_vgbaq_8byvr_324.jpg Old SacreCoeur
ltll/Old/images/BigBen/beautiful_big_ben_london_clock_tower_postcard-r05c0dd61e7bd43128ef43621580daadc_vgbaq_8byvr_512.jpg Old BigBen
ltll/Old/images/BigBen/$T2eC16dHJGQE9noMbT+KBP92t,7pcg~~60_35.jpg Old BigBen
ltll/Old/images/BigBen/depositphotos_12612551-Old-big-ben.jpg Old BigBen
ltll/Old/images/BigBen/old_postcard_london_big_ben_and_parliament-r0bbd32acc6c94878ae6fc78261b6129d_vgbaq_8byvr_512.jpg Old BigBen
ltll/Old/images/BigBen/4248349413_ac93557664_o.jpg Old BigBen
ltll/Old/images/BigBen/old_postcard_london_big_ben-r885f7c70ed5746cc8f57e487a3a14b2f_vgbaq_8byvr_512.jpg Old BigBen
ltll/Old/images/BigBen/4162653756_0eb629af88_z.jpg Old BigBen
ltll/Old/images/BigBen/a9184.jpg Old BigBen
ltll/Old/images/Q016/MMB.FO2007.0067.jpg Old Q016
ltll/Old/images/Q016/MMB.FO2007.0063.jpg Old Q016
ltll/Old/images/Q016/MMB.FO2007.0052.jpg Old Q016
ltll/Old/images/Q016/MMB.FO2007.0051.jpg Old Q016
ltll/Old/images/Q016/MMB.FO2007.0728.jpg Old Q016
ltll/Old/images/Q016/MMB.FO2007.0730.jpg Old Q016
ltll/Old/images/Q016/MMB.FO2007.0741.jpg Old Q016
ltll/Old/images/Q016/MMB.FO2007.0059.jpg Old Q016
ltll/Old/images/Q016/MMB.FO2007.0733.jpg Old Q016
ltll/Old/images/Q016/MMB.FO2007.0725.jpg Old Q016
ltll/Old/images/Q147/MMB.FO2007.0040.jpg Old Q147
ltll/Old/images/Q147/MMB.FO2007.0739.jpg Old Q147
ltll/Old/images/Q147/MMB.FO2007.0075.jpg Old Q147
ltll/Old/images/Q147/MMB.FO2007.0183.jpg Old Q147
ltll/Old/images/Q147/839_001.jpg Old Q147
ltll/Old/images/Q147/MMB.FO2007.0735.jpg Old Q147
ltll/Old/images/Q147/MMB.FO2007.0740.jpg Old Q147
ltll/Old/images/Q147/MMB.FO2007.0076.jpg Old Q147
ltll/Old/images/Q005/MMB.FO2009.0558.jpg Old Q005
ltll/Old/images/Q005/MMB.FO2009.0559.jpg Old Q005
ltll/Old/images/Q005/MMB.FO2006.1387.jpg Old Q005
ltll/Old/images/Gaffor/GAFFOORS-BUILDING-by-PLATE.jpg Old Gaffor
ltll/Old/images/Gaffor/Royal-Exchange-Assurance.jpg Old Gaffor
ltll/Old/images/Gaffor/Main-Street-Fort-Colombo.jpg Old Gaffor
ltll/Old/images/Pettah/002.jpg Old Pettah
ltll/Old/images/Pettah/003.jpg Old Pettah
ltll/Old/images/Pettah/001.jpg Old Pettah
ltll/Old/images/Pettah/004.jpg Old Pettah
